-- phpMyAdmin SQL Dump
-- version 5.2.0
-- https://www.phpmyadmin.net/
--
-- Хост: 127.0.0.1:3306
-- Время создания: Май 25 2026 г., 15:46
-- Версия сервера: 8.0.30
-- Версия PHP: 8.0.22

SET SQL_MODE = "NO_AUTO_VALUE_ON_ZERO";
START TRANSACTION;
SET time_zone = "+00:00";


/*!40101 SET @OLD_CHARACTER_SET_CLIENT=@@CHARACTER_SET_CLIENT */;
/*!40101 SET @OLD_CHARACTER_SET_RESULTS=@@CHARACTER_SET_RESULTS */;
/*!40101 SET @OLD_COLLATION_CONNECTION=@@COLLATION_CONNECTION */;
/*!40101 SET NAMES utf8mb4 */;

--
-- База данных: `rzd_local`
--

-- --------------------------------------------------------

--
-- Структура таблицы `routes`
--

CREATE TABLE `routes` (
  `id` int NOT NULL,
  `train_id` int NOT NULL,
  `from_station_id` int NOT NULL,
  `to_station_id` int NOT NULL,
  `departure_time` time NOT NULL,
  `arrival_time` time NOT NULL,
  `travel_duration` int DEFAULT NULL COMMENT 'в минутах',
  `price` decimal(10,2) NOT NULL,
  `available_seats` int DEFAULT '200',
  `status` enum('active','cancelled','delayed') COLLATE utf8mb4_unicode_ci DEFAULT 'active'
) ENGINE=InnoDB DEFAULT CHARSET=utf8mb4 COLLATE=utf8mb4_unicode_ci;

--
-- Дамп данных таблицы `routes`
--

INSERT INTO `routes` (`id`, `train_id`, `from_station_id`, `to_station_id`, `departure_time`, `arrival_time`, `travel_duration`, `price`, `available_seats`, `status`) VALUES
(1, 1, 1, 18, '07:15:00', '13:45:00', 390, '1850.00', 230, 'active'),
(2, 2, 1, 18, '09:30:00', '15:30:00', 360, '2100.00', 190, 'active'),
(3, 3, 1, 18, '15:45:00', '22:10:00', 385, '1750.00', 170, 'active'),
(4, 4, 1, 18, '06:30:00', '13:30:00', 420, '1650.00', 290, 'active'),
(5, 1, 18, 1, '08:00:00', '14:30:00', 390, '1850.00', 230, 'active'),
(6, 2, 18, 1, '10:15:00', '16:15:00', 360, '2100.00', 190, 'active'),
(7, 3, 18, 1, '17:00:00', '23:25:00', 385, '1750.00', 170, 'active'),
(8, 4, 1, 4, '08:00:00', '10:15:00', 135, '850.00', 280, 'active'),
(9, 5, 1, 4, '13:20:00', '15:35:00', 135, '850.00', 280, 'active'),
(10, 6, 1, 4, '18:00:00', '20:10:00', 130, '890.00', 210, 'active'),
(11, 4, 1, 8, '08:00:00', '12:30:00', 270, '1150.00', 260, 'active'),
(12, 5, 1, 8, '13:20:00', '17:50:00', 270, '1150.00', 260, 'active'),
(13, 7, 1, 9, '06:00:00', '14:30:00', 510, '1450.00', 140, 'active'),
(14, 8, 1, 9, '09:30:00', '17:45:00', 495, '1400.00', 160, 'active'),
(15, 7, 9, 10, '15:30:00', '19:00:00', 210, '650.00', 140, 'active'),
(16, 8, 9, 10, '11:00:00', '14:15:00', 195, '620.00', 160, 'active'),
(18, 8, 1, 9, '22:15:00', '06:30:00', 495, '1400.00', 160, 'active'),
(19, 4, 1, 7, '08:00:00', '13:45:00', 345, '1280.00', 260, 'active'),
(20, 4, 4, 8, '10:30:00', '12:30:00', 120, '480.00', 280, 'active'),
(21, 1, 19, 18, '06:00:00', '10:30:00', 270, '980.00', 150, 'active'),
(22, 2, 19, 18, '14:00:00', '18:30:00', 270, '980.00', 150, 'active'),
(23, 7, 8, 7, '13:00:00', '14:30:00', 90, '350.00', 200, 'active'),
(24, 5, 1, 29, '07:30:00', '09:15:00', 105, '420.00', 290, 'active'),
(25, 4, 4, 5, '12:00:00', '12:45:00', 45, '250.00', 150, 'active'),
(26, 2, 1, 6, '14:00:00', '16:30:00', 150, '750.00', 180, 'active'),
(27, 2, 19, 18, '07:00:00', '11:30:00', 270, '980.00', 200, 'active'),
(28, 3, 4, 18, '08:30:00', '13:30:00', 300, '1150.00', 200, 'active'),
(29, 3, 8, 18, '09:00:00', '15:50:00', 350, '1250.00', 200, 'active'),
(30, 3, 1, 8, '06:30:00', '11:00:00', 270, '1150.00', 200, 'active'),
(31, 3, 2, 8, '06:30:00', '11:00:00', 270, '1150.00', 200, 'active'),
(32, 3, 3, 8, '06:30:00', '11:00:00', 270, '1150.00', 200, 'active'),
(33, 3, 4, 8, '10:00:00', '11:30:00', 90, '350.00', 200, 'active'),
(34, 3, 18, 8, '13:00:00', '19:50:00', 350, '1250.00', 200, 'active'),
(35, 3, 18, 4, '14:00:00', '19:00:00', 300, '1150.00', 200, 'active'),
(36, 3, 8, 4, '15:30:00', '17:00:00', 90, '350.00', 200, 'active'),
(37, 3, 1, 29, '18:00:00', '19:45:00', 105, '420.00', 200, 'active'),
(38, 3, 2, 29, '18:00:00', '19:45:00', 105, '420.00', 200, 'active'),
(39, 3, 3, 29, '18:00:00', '19:45:00', 105, '420.00', 200, 'active'),
(40, 3, 1, 9, '05:00:00', '13:30:00', 510, '1450.00', 200, 'active'),
(41, 3, 2, 9, '05:00:00', '13:30:00', 510, '1450.00', 200, 'active'),
(42, 3, 3, 9, '05:00:00', '13:30:00', 510, '1450.00', 200, 'active'),
(43, 3, 1, 7, '07:30:00', '13:15:00', 345, '1280.00', 200, 'active'),
(44, 3, 2, 7, '07:30:00', '13:15:00', 345, '1280.00', 200, 'active'),
(45, 3, 3, 7, '07:30:00', '13:15:00', 345, '1280.00', 200, 'active'),
(46, 2, 1, 18, '18:00:00', '00:30:00', 390, '1650.00', 200, 'active'),
(47, 2, 2, 18, '18:00:00', '00:30:00', 390, '1650.00', 200, 'active'),
(48, 2, 3, 18, '18:00:00', '00:30:00', 390, '1650.00', 200, 'active'),
(49, 2, 18, 3, '19:00:00', '01:30:00', 390, '1650.00', 200, 'active'),
(50, 2, 18, 2, '19:00:00', '01:30:00', 390, '1650.00', 200, 'active'),
(51, 2, 18, 1, '19:00:00', '01:30:00', 390, '1650.00', 200, 'active');

-- --------------------------------------------------------

--
-- Структура таблицы `schedule`
--

CREATE TABLE `schedule` (
  `id` int NOT NULL,
  `route_id` int NOT NULL,
  `travel_date` date NOT NULL,
  `seats_available` int DEFAULT '200',
  `price_override` decimal(10,2) DEFAULT NULL,
  `is_active` tinyint(1) DEFAULT '1'
) ENGINE=InnoDB DEFAULT CHARSET=utf8mb4 COLLATE=utf8mb4_unicode_ci;

--
-- Дамп данных таблицы `schedule`
--

INSERT INTO `schedule` (`id`, `route_id`, `travel_date`, `seats_available`, `price_override`, `is_active`) VALUES
(1, 1, '2026-05-29', 230, '1850.00', 1),
(2, 1, '2026-05-28', 230, '1850.00', 1),
(3, 1, '2026-05-27', 230, '1850.00', 1),
(4, 1, '2026-05-26', 230, '1850.00', 1),
(5, 1, '2026-05-25', 230, '1850.00', 1),
(6, 1, '2026-05-24', 230, '1850.00', 1),
(7, 1, '2026-05-23', 230, '1850.00', 1),
(8, 1, '2026-05-22', 230, '1850.00', 1),
(9, 1, '2026-05-21', 230, '1850.00', 1),
(10, 1, '2026-05-20', 230, '1850.00', 1),
(11, 1, '2026-05-19', 230, '1850.00', 1),
(12, 1, '2026-05-18', 230, '1850.00', 1),
(13, 1, '2026-05-17', 230, '1850.00', 1),
(14, 1, '2026-05-16', 230, '1850.00', 1),
(15, 2, '2026-05-29', 190, '2100.00', 1),
(16, 2, '2026-05-28', 190, '2100.00', 1),
(17, 2, '2026-05-27', 190, '2100.00', 1),
(18, 2, '2026-05-26', 190, '2100.00', 1),
(19, 2, '2026-05-25', 190, '2100.00', 1),
(20, 2, '2026-05-24', 190, '2100.00', 1),
(21, 2, '2026-05-23', 190, '2100.00', 1),
(22, 2, '2026-05-22', 190, '2100.00', 1),
(23, 2, '2026-05-21', 190, '2100.00', 1),
(24, 2, '2026-05-20', 190, '2100.00', 1),
(25, 2, '2026-05-19', 190, '2100.00', 1),
(26, 2, '2026-05-18', 190, '2100.00', 1),
(27, 2, '2026-05-17', 190, '2100.00', 1),
(28, 2, '2026-05-16', 190, '2100.00', 1),
(29, 3, '2026-05-29', 170, '1750.00', 1),
(30, 3, '2026-05-28', 170, '1750.00', 1),
(31, 3, '2026-05-27', 170, '1750.00', 1),
(32, 3, '2026-05-26', 170, '1750.00', 1),
(33, 3, '2026-05-25', 170, '1750.00', 1),
(34, 3, '2026-05-24', 170, '1750.00', 1),
(35, 3, '2026-05-23', 170, '1750.00', 1),
(36, 3, '2026-05-22', 170, '1750.00', 1),
(37, 3, '2026-05-21', 170, '1750.00', 1),
(38, 3, '2026-05-20', 170, '1750.00', 1),
(39, 3, '2026-05-19', 170, '1750.00', 1),
(40, 3, '2026-05-18', 170, '1750.00', 1),
(41, 3, '2026-05-17', 170, '1750.00', 1),
(42, 3, '2026-05-16', 170, '1750.00', 1),
(43, 4, '2026-05-29', 290, '1650.00', 1),
(44, 4, '2026-05-28', 290, '1650.00', 1),
(45, 4, '2026-05-27', 290, '1650.00', 1),
(46, 4, '2026-05-26', 290, '1650.00', 1),
(47, 4, '2026-05-25', 290, '1650.00', 1),
(48, 4, '2026-05-24', 290, '1650.00', 1),
(49, 4, '2026-05-23', 290, '1650.00', 1),
(50, 4, '2026-05-22', 290, '1650.00', 1),
(51, 4, '2026-05-21', 290, '1650.00', 1),
(52, 4, '2026-05-20', 290, '1650.00', 1),
(53, 4, '2026-05-19', 290, '1650.00', 1),
(54, 4, '2026-05-18', 290, '1650.00', 1),
(55, 4, '2026-05-17', 290, '1650.00', 1),
(56, 4, '2026-05-16', 289, '1650.00', 1),
(57, 5, '2026-05-29', 230, '1850.00', 1),
(58, 5, '2026-05-28', 230, '1850.00', 1),
(59, 5, '2026-05-27', 230, '1850.00', 1),
(60, 5, '2026-05-26', 230, '1850.00', 1),
(61, 5, '2026-05-25', 230, '1850.00', 1),
(62, 5, '2026-05-24', 230, '1850.00', 1),
(63, 5, '2026-05-23', 230, '1850.00', 1),
(64, 5, '2026-05-22', 230, '1850.00', 1),
(65, 5, '2026-05-21', 230, '1850.00', 1),
(66, 5, '2026-05-20', 230, '1850.00', 1),
(67, 5, '2026-05-19', 230, '1850.00', 1),
(68, 5, '2026-05-18', 230, '1850.00', 1),
(69, 5, '2026-05-17', 230, '1850.00', 1),
(70, 5, '2026-05-16', 230, '1850.00', 1),
(71, 6, '2026-05-29', 190, '2100.00', 1),
(72, 6, '2026-05-28', 190, '2100.00', 1),
(73, 6, '2026-05-27', 190, '2100.00', 1),
(74, 6, '2026-05-26', 190, '2100.00', 1),
(75, 6, '2026-05-25', 190, '2100.00', 1),
(76, 6, '2026-05-24', 190, '2100.00', 1),
(77, 6, '2026-05-23', 190, '2100.00', 1),
(78, 6, '2026-05-22', 190, '2100.00', 1),
(79, 6, '2026-05-21', 190, '2100.00', 1),
(80, 6, '2026-05-20', 190, '2100.00', 1),
(81, 6, '2026-05-19', 190, '2100.00', 1),
(82, 6, '2026-05-18', 190, '2100.00', 1),
(83, 6, '2026-05-17', 190, '2100.00', 1),
(84, 6, '2026-05-16', 190, '2100.00', 1),
(85, 7, '2026-05-29', 170, '1750.00', 1),
(86, 7, '2026-05-28', 170, '1750.00', 1),
(87, 7, '2026-05-27', 170, '1750.00', 1),
(88, 7, '2026-05-26', 170, '1750.00', 1),
(89, 7, '2026-05-25', 170, '1750.00', 1),
(90, 7, '2026-05-24', 170, '1750.00', 1),
(91, 7, '2026-05-23', 170, '1750.00', 1),
(92, 7, '2026-05-22', 170, '1750.00', 1),
(93, 7, '2026-05-21', 170, '1750.00', 1),
(94, 7, '2026-05-20', 170, '1750.00', 1),
(95, 7, '2026-05-19', 170, '1750.00', 1),
(96, 7, '2026-05-18', 170, '1750.00', 1),
(97, 7, '2026-05-17', 170, '1750.00', 1),
(98, 7, '2026-05-16', 170, '1750.00', 1),
(99, 8, '2026-05-29', 280, '850.00', 1),
(100, 8, '2026-05-28', 280, '850.00', 1),
(101, 8, '2026-05-27', 280, '850.00', 1),
(102, 8, '2026-05-26', 280, '850.00', 1),
(103, 8, '2026-05-25', 280, '850.00', 1),
(104, 8, '2026-05-24', 280, '850.00', 1),
(105, 8, '2026-05-23', 280, '850.00', 1),
(106, 8, '2026-05-22', 280, '850.00', 1),
(107, 8, '2026-05-21', 280, '850.00', 1),
(108, 8, '2026-05-20', 280, '850.00', 1),
(109, 8, '2026-05-19', 280, '850.00', 1),
(110, 8, '2026-05-18', 280, '850.00', 1),
(111, 8, '2026-05-17', 280, '850.00', 1),
(112, 8, '2026-05-16', 280, '850.00', 1),
(113, 9, '2026-05-29', 280, '850.00', 1),
(114, 9, '2026-05-28', 280, '850.00', 1),
(115, 9, '2026-05-27', 280, '850.00', 1),
(116, 9, '2026-05-26', 280, '850.00', 1),
(117, 9, '2026-05-25', 280, '850.00', 1),
(118, 9, '2026-05-24', 280, '850.00', 1),
(119, 9, '2026-05-23', 280, '850.00', 1),
(120, 9, '2026-05-22', 280, '850.00', 1),
(121, 9, '2026-05-21', 280, '850.00', 1),
(122, 9, '2026-05-20', 280, '850.00', 1),
(123, 9, '2026-05-19', 280, '850.00', 1),
(124, 9, '2026-05-18', 280, '850.00', 1),
(125, 9, '2026-05-17', 280, '850.00', 1),
(126, 9, '2026-05-16', 280, '850.00', 1),
(127, 10, '2026-05-29', 210, '890.00', 1),
(128, 10, '2026-05-28', 210, '890.00', 1),
(129, 10, '2026-05-27', 210, '890.00', 1),
(130, 10, '2026-05-26', 210, '890.00', 1),
(131, 10, '2026-05-25', 210, '890.00', 1),
(132, 10, '2026-05-24', 210, '890.00', 1),
(133, 10, '2026-05-23', 210, '890.00', 1),
(134, 10, '2026-05-22', 210, '890.00', 1),
(135, 10, '2026-05-21', 210, '890.00', 1),
(136, 10, '2026-05-20', 210, '890.00', 1),
(137, 10, '2026-05-19', 210, '890.00', 1),
(138, 10, '2026-05-18', 210, '890.00', 1),
(139, 10, '2026-05-17', 210, '890.00', 1),
(140, 10, '2026-05-16', 210, '890.00', 1),
(141, 11, '2026-05-29', 260, '1150.00', 1),
(142, 11, '2026-05-28', 260, '1150.00', 1),
(143, 11, '2026-05-27', 260, '1150.00', 1),
(144, 11, '2026-05-26', 260, '1150.00', 1),
(145, 11, '2026-05-25', 260, '1150.00', 1),
(146, 11, '2026-05-24', 260, '1150.00', 1),
(147, 11, '2026-05-23', 260, '1150.00', 1),
(148, 11, '2026-05-22', 260, '1150.00', 1),
(149, 11, '2026-05-21', 260, '1150.00', 1),
(150, 11, '2026-05-20', 260, '1150.00', 1),
(151, 11, '2026-05-19', 260, '1150.00', 1),
(152, 11, '2026-05-18', 260, '1150.00', 1),
(153, 11, '2026-05-17', 260, '1150.00', 1),
(154, 11, '2026-05-16', 260, '1150.00', 1),
(155, 12, '2026-05-29', 260, '1150.00', 1),
(156, 12, '2026-05-28', 260, '1150.00', 1),
(157, 12, '2026-05-27', 260, '1150.00', 1),
(158, 12, '2026-05-26', 260, '1150.00', 1),
(159, 12, '2026-05-25', 260, '1150.00', 1),
(160, 12, '2026-05-24', 260, '1150.00', 1),
(161, 12, '2026-05-23', 260, '1150.00', 1),
(162, 12, '2026-05-22', 260, '1150.00', 1),
(163, 12, '2026-05-21', 260, '1150.00', 1),
(164, 12, '2026-05-20', 260, '1150.00', 1),
(165, 12, '2026-05-19', 260, '1150.00', 1),
(166, 12, '2026-05-18', 260, '1150.00', 1),
(167, 12, '2026-05-17', 260, '1150.00', 1),
(168, 12, '2026-05-16', 260, '1150.00', 1),
(169, 13, '2026-05-29', 140, '1450.00', 1),
(170, 13, '2026-05-28', 140, '1450.00', 1),
(171, 13, '2026-05-27', 140, '1450.00', 1),
(172, 13, '2026-05-26', 140, '1450.00', 1),
(173, 13, '2026-05-25', 140, '1450.00', 1),
(174, 13, '2026-05-24', 140, '1450.00', 1),
(175, 13, '2026-05-23', 140, '1450.00', 1),
(176, 13, '2026-05-22', 140, '1450.00', 1),
(177, 13, '2026-05-21', 140, '1450.00', 1),
(178, 13, '2026-05-20', 140, '1450.00', 1),
(179, 13, '2026-05-19', 140, '1450.00', 1),
(180, 13, '2026-05-18', 140, '1450.00', 1),
(181, 13, '2026-05-17', 140, '1450.00', 1),
(182, 13, '2026-05-16', 140, '1450.00', 1),
(183, 14, '2026-05-29', 160, '1400.00', 1),
(184, 14, '2026-05-28', 160, '1400.00', 1),
(185, 14, '2026-05-27', 160, '1400.00', 1),
(186, 14, '2026-05-26', 158, '1400.00', 1),
(187, 14, '2026-05-25', 160, '1400.00', 1),
(188, 14, '2026-05-24', 160, '1400.00', 1),
(189, 14, '2026-05-23', 160, '1400.00', 1),
(190, 14, '2026-05-22', 160, '1400.00', 1),
(191, 14, '2026-05-21', 160, '1400.00', 1),
(192, 14, '2026-05-20', 160, '1400.00', 1),
(193, 14, '2026-05-19', 160, '1400.00', 1),
(194, 14, '2026-05-18', 160, '1400.00', 1),
(195, 14, '2026-05-17', 160, '1400.00', 1),
(196, 14, '2026-05-16', 160, '1400.00', 1),
(197, 15, '2026-05-29', 140, '650.00', 1),
(198, 15, '2026-05-28', 140, '650.00', 1),
(199, 15, '2026-05-27', 140, '650.00', 1),
(200, 15, '2026-05-26', 140, '650.00', 1),
(201, 15, '2026-05-25', 140, '650.00', 1),
(202, 15, '2026-05-24', 140, '650.00', 1),
(203, 15, '2026-05-23', 140, '650.00', 1),
(204, 15, '2026-05-22', 140, '650.00', 1),
(205, 15, '2026-05-21', 140, '650.00', 1),
(206, 15, '2026-05-20', 140, '650.00', 1),
(207, 15, '2026-05-19', 140, '650.00', 1),
(208, 15, '2026-05-18', 140, '650.00', 1),
(209, 15, '2026-05-17', 140, '650.00', 1),
(210, 15, '2026-05-16', 140, '650.00', 1),
(211, 16, '2026-05-29', 160, '620.00', 1),
(212, 16, '2026-05-28', 160, '620.00', 1),
(213, 16, '2026-05-27', 160, '620.00', 1),
(214, 16, '2026-05-26', 160, '620.00', 1),
(215, 16, '2026-05-25', 160, '620.00', 1),
(216, 16, '2026-05-24', 160, '620.00', 1),
(217, 16, '2026-05-23', 160, '620.00', 1),
(218, 16, '2026-05-22', 160, '620.00', 1),
(219, 16, '2026-05-21', 160, '620.00', 1),
(220, 16, '2026-05-20', 160, '620.00', 1),
(221, 16, '2026-05-19', 160, '620.00', 1),
(222, 16, '2026-05-18', 160, '620.00', 1),
(223, 16, '2026-05-17', 160, '620.00', 1),
(224, 16, '2026-05-16', 160, '620.00', 1),
(239, 18, '2026-05-29', 160, '1400.00', 1),
(240, 18, '2026-05-28', 160, '1400.00', 1),
(241, 18, '2026-05-27', 160, '1400.00', 1),
(242, 18, '2026-05-26', 160, '1400.00', 1),
(243, 18, '2026-05-25', 160, '1400.00', 1),
(244, 18, '2026-05-24', 160, '1400.00', 1),
(245, 18, '2026-05-23', 160, '1400.00', 1),
(246, 18, '2026-05-22', 160, '1400.00', 1),
(247, 18, '2026-05-21', 160, '1400.00', 1),
(248, 18, '2026-05-20', 160, '1400.00', 1),
(249, 18, '2026-05-19', 160, '1400.00', 1),
(250, 18, '2026-05-18', 160, '1400.00', 1),
(251, 18, '2026-05-17', 160, '1400.00', 1),
(252, 18, '2026-05-16', 160, '1400.00', 1),
(253, 19, '2026-05-29', 260, '1280.00', 1),
(254, 19, '2026-05-28', 260, '1280.00', 1),
(255, 19, '2026-05-27', 260, '1280.00', 1),
(256, 19, '2026-05-26', 260, '1280.00', 1),
(257, 19, '2026-05-25', 260, '1280.00', 1),
(258, 19, '2026-05-24', 260, '1280.00', 1),
(259, 19, '2026-05-23', 260, '1280.00', 1),
(260, 19, '2026-05-22', 260, '1280.00', 1),
(261, 19, '2026-05-21', 260, '1280.00', 1),
(262, 19, '2026-05-20', 260, '1280.00', 1),
(263, 19, '2026-05-19', 260, '1280.00', 1),
(264, 19, '2026-05-18', 260, '1280.00', 1),
(265, 19, '2026-05-17', 260, '1280.00', 1),
(266, 19, '2026-05-16', 260, '1280.00', 1),
(267, 20, '2026-05-29', 280, '480.00', 1),
(268, 20, '2026-05-28', 280, '480.00', 1),
(269, 20, '2026-05-27', 280, '480.00', 1),
(270, 20, '2026-05-26', 280, '480.00', 1),
(271, 20, '2026-05-25', 280, '480.00', 1),
(272, 20, '2026-05-24', 280, '480.00', 1),
(273, 20, '2026-05-23', 280, '480.00', 1),
(274, 20, '2026-05-22', 280, '480.00', 1),
(275, 20, '2026-05-21', 280, '480.00', 1),
(276, 20, '2026-05-20', 280, '480.00', 1),
(277, 20, '2026-05-19', 280, '480.00', 1),
(278, 20, '2026-05-18', 280, '480.00', 1),
(279, 20, '2026-05-17', 280, '480.00', 1),
(280, 20, '2026-05-16', 280, '480.00', 1),
(281, 21, '2026-05-29', 150, '980.00', 1),
(282, 21, '2026-05-28', 150, '980.00', 1),
(283, 21, '2026-05-27', 150, '980.00', 1),
(284, 21, '2026-05-26', 150, '980.00', 1),
(285, 21, '2026-05-25', 150, '980.00', 1),
(286, 21, '2026-05-24', 150, '980.00', 1),
(287, 21, '2026-05-23', 150, '980.00', 1),
(288, 21, '2026-05-22', 150, '980.00', 1),
(289, 21, '2026-05-21', 150, '980.00', 1),
(290, 21, '2026-05-20', 150, '980.00', 1),
(291, 21, '2026-05-19', 150, '980.00', 1),
(292, 21, '2026-05-18', 150, '980.00', 1),
(293, 21, '2026-05-17', 150, '980.00', 1),
(294, 21, '2026-05-16', 150, '980.00', 1),
(295, 22, '2026-05-29', 150, '980.00', 1),
(296, 22, '2026-05-28', 150, '980.00', 1),
(297, 22, '2026-05-27', 150, '980.00', 1),
(298, 22, '2026-05-26', 150, '980.00', 1),
(299, 22, '2026-05-25', 150, '980.00', 1),
(300, 22, '2026-05-24', 150, '980.00', 1),
(301, 22, '2026-05-23', 150, '980.00', 1),
(302, 22, '2026-05-22', 150, '980.00', 1),
(303, 22, '2026-05-21', 150, '980.00', 1),
(304, 22, '2026-05-20', 150, '980.00', 1),
(305, 22, '2026-05-19', 150, '980.00', 1),
(306, 22, '2026-05-18', 150, '980.00', 1),
(307, 22, '2026-05-17', 150, '980.00', 1),
(308, 22, '2026-05-16', 150, '980.00', 1),
(309, 23, '2026-05-29', 200, '350.00', 1),
(310, 23, '2026-05-28', 200, '350.00', 1),
(311, 23, '2026-05-27', 200, '350.00', 1),
(312, 23, '2026-05-26', 200, '350.00', 1),
(313, 23, '2026-05-25', 200, '350.00', 1),
(314, 23, '2026-05-24', 200, '350.00', 1),
(315, 23, '2026-05-23', 200, '350.00', 1),
(316, 23, '2026-05-22', 200, '350.00', 1),
(317, 23, '2026-05-21', 200, '350.00', 1),
(318, 23, '2026-05-20', 200, '350.00', 1),
(319, 23, '2026-05-19', 200, '350.00', 1),
(320, 23, '2026-05-18', 200, '350.00', 1),
(321, 23, '2026-05-17', 200, '350.00', 1),
(322, 23, '2026-05-16', 200, '350.00', 1),
(323, 24, '2026-05-29', 290, '420.00', 1),
(324, 24, '2026-05-28', 290, '420.00', 1),
(325, 24, '2026-05-27', 290, '420.00', 1),
(326, 24, '2026-05-26', 290, '420.00', 1),
(327, 24, '2026-05-25', 290, '420.00', 1),
(328, 24, '2026-05-24', 290, '420.00', 1),
(329, 24, '2026-05-23', 290, '420.00', 1),
(330, 24, '2026-05-22', 290, '420.00', 1),
(331, 24, '2026-05-21', 290, '420.00', 1),
(332, 24, '2026-05-20', 290, '420.00', 1),
(333, 24, '2026-05-19', 290, '420.00', 1),
(334, 24, '2026-05-18', 290, '420.00', 1),
(335, 24, '2026-05-17', 290, '420.00', 1),
(336, 24, '2026-05-16', 290, '420.00', 1),
(512, 25, '2026-05-23', 150, '250.00', 1),
(513, 25, '2026-05-22', 150, '250.00', 1),
(514, 25, '2026-05-21', 150, '250.00', 1),
(515, 25, '2026-05-20', 150, '250.00', 1),
(516, 25, '2026-05-19', 150, '250.00', 1),
(517, 25, '2026-05-18', 150, '250.00', 1),
(518, 25, '2026-05-17', 150, '250.00', 1),
(519, 25, '2026-05-16', 150, '250.00', 1),
(520, 26, '2026-05-23', 180, '750.00', 1),
(521, 26, '2026-05-22', 180, '750.00', 1),
(522, 26, '2026-05-21', 180, '750.00', 1),
(523, 26, '2026-05-20', 180, '750.00', 1),
(524, 26, '2026-05-19', 180, '750.00', 1),
(525, 26, '2026-05-18', 180, '750.00', 1),
(526, 26, '2026-05-17', 180, '750.00', 1),
(527, 26, '2026-05-16', 180, '750.00', 1),
(528, 1, '2026-06-08', 200, NULL, 1),
(529, 1, '2026-06-07', 200, NULL, 1),
(530, 1, '2026-06-06', 200, NULL, 1),
(531, 1, '2026-06-05', 200, NULL, 1),
(532, 1, '2026-06-04', 200, NULL, 1),
(533, 1, '2026-06-03', 200, NULL, 1),
(534, 1, '2026-06-02', 200, NULL, 1),
(535, 1, '2026-06-01', 200, NULL, 1),
(536, 1, '2026-05-31', 200, NULL, 1),
(537, 1, '2026-05-30', 200, NULL, 1),
(538, 5, '2026-06-08', 200, NULL, 1),
(539, 5, '2026-06-07', 200, NULL, 1),
(540, 5, '2026-06-06', 200, NULL, 1),
(541, 5, '2026-06-05', 200, NULL, 1),
(542, 5, '2026-06-04', 200, NULL, 1),
(543, 5, '2026-06-03', 200, NULL, 1),
(544, 5, '2026-06-02', 200, NULL, 1),
(545, 5, '2026-06-01', 200, NULL, 1),
(546, 5, '2026-05-31', 200, NULL, 1),
(547, 5, '2026-05-30', 200, NULL, 1),
(548, 21, '2026-06-08', 200, NULL, 1),
(549, 21, '2026-06-07', 200, NULL, 1),
(550, 21, '2026-06-06', 200, NULL, 1),
(551, 21, '2026-06-05', 200, NULL, 1),
(552, 21, '2026-06-04', 200, NULL, 1),
(553, 21, '2026-06-03', 200, NULL, 1),
(554, 21, '2026-06-02', 200, NULL, 1),
(555, 21, '2026-06-01', 200, NULL, 1),
(556, 21, '2026-05-31', 200, NULL, 1),
(557, 21, '2026-05-30', 200, NULL, 1),
(558, 2, '2026-06-08', 200, NULL, 1),
(559, 2, '2026-06-07', 200, NULL, 1),
(560, 2, '2026-06-06', 200, NULL, 1),
(561, 2, '2026-06-05', 200, NULL, 1),
(562, 2, '2026-06-04', 200, NULL, 1),
(563, 2, '2026-06-03', 200, NULL, 1),
(564, 2, '2026-06-02', 200, NULL, 1),
(565, 2, '2026-06-01', 200, NULL, 1),
(566, 2, '2026-05-31', 200, NULL, 1),
(567, 2, '2026-05-30', 200, NULL, 1),
(568, 6, '2026-06-08', 200, NULL, 1),
(569, 6, '2026-06-07', 200, NULL, 1),
(570, 6, '2026-06-06', 200, NULL, 1),
(571, 6, '2026-06-05', 200, NULL, 1),
(572, 6, '2026-06-04', 200, NULL, 1),
(573, 6, '2026-06-03', 200, NULL, 1),
(574, 6, '2026-06-02', 200, NULL, 1),
(575, 6, '2026-06-01', 200, NULL, 1),
(576, 6, '2026-05-31', 200, NULL, 1),
(577, 6, '2026-05-30', 200, NULL, 1),
(578, 22, '2026-06-08', 200, NULL, 1),
(579, 22, '2026-06-07', 200, NULL, 1),
(580, 22, '2026-06-06', 200, NULL, 1),
(581, 22, '2026-06-05', 200, NULL, 1),
(582, 22, '2026-06-04', 200, NULL, 1),
(583, 22, '2026-06-03', 200, NULL, 1),
(584, 22, '2026-06-02', 200, NULL, 1),
(585, 22, '2026-06-01', 200, NULL, 1),
(586, 22, '2026-05-31', 200, NULL, 1),
(587, 22, '2026-05-30', 200, NULL, 1),
(588, 26, '2026-06-08', 200, NULL, 1),
(589, 26, '2026-06-07', 200, NULL, 1),
(590, 26, '2026-06-06', 200, NULL, 1),
(591, 26, '2026-06-05', 200, NULL, 1),
(592, 26, '2026-06-04', 200, NULL, 1),
(593, 26, '2026-06-03', 200, NULL, 1),
(594, 26, '2026-06-02', 200, NULL, 1),
(595, 26, '2026-06-01', 200, NULL, 1),
(596, 26, '2026-05-31', 200, NULL, 1),
(597, 26, '2026-05-30', 200, NULL, 1),
(598, 26, '2026-05-29', 200, NULL, 1),
(599, 26, '2026-05-28', 200, NULL, 1),
(600, 26, '2026-05-27', 200, NULL, 1),
(601, 26, '2026-05-26', 200, NULL, 1),
(602, 26, '2026-05-25', 200, NULL, 1),
(603, 27, '2026-06-08', 200, NULL, 1),
(604, 27, '2026-06-07', 200, NULL, 1),
(605, 27, '2026-06-06', 200, NULL, 1),
(606, 27, '2026-06-05', 200, NULL, 1),
(607, 27, '2026-06-04', 200, NULL, 1),
(608, 27, '2026-06-03', 200, NULL, 1),
(609, 27, '2026-06-02', 200, NULL, 1),
(610, 27, '2026-06-01', 200, NULL, 1),
(611, 27, '2026-05-31', 200, NULL, 1),
(612, 27, '2026-05-30', 200, NULL, 1),
(613, 27, '2026-05-29', 200, NULL, 1),
(614, 27, '2026-05-28', 200, NULL, 1),
(615, 27, '2026-05-27', 200, NULL, 1),
(616, 27, '2026-05-26', 200, NULL, 1),
(617, 27, '2026-05-25', 200, NULL, 1),
(618, 46, '2026-06-08', 200, NULL, 1),
(619, 46, '2026-06-07', 200, NULL, 1),
(620, 46, '2026-06-06', 200, NULL, 1),
(621, 46, '2026-06-05', 200, NULL, 1),
(622, 46, '2026-06-04', 200, NULL, 1),
(623, 46, '2026-06-03', 200, NULL, 1),
(624, 46, '2026-06-02', 200, NULL, 1),
(625, 46, '2026-06-01', 200, NULL, 1),
(626, 46, '2026-05-31', 200, NULL, 1),
(627, 46, '2026-05-30', 200, NULL, 1),
(628, 46, '2026-05-29', 200, NULL, 1),
(629, 46, '2026-05-28', 200, NULL, 1),
(630, 46, '2026-05-27', 200, NULL, 1),
(631, 46, '2026-05-26', 200, NULL, 1),
(632, 46, '2026-05-25', 200, NULL, 1),
(633, 47, '2026-06-08', 200, NULL, 1),
(634, 47, '2026-06-07', 200, NULL, 1),
(635, 47, '2026-06-06', 200, NULL, 1),
(636, 47, '2026-06-05', 200, NULL, 1),
(637, 47, '2026-06-04', 200, NULL, 1),
(638, 47, '2026-06-03', 200, NULL, 1),
(639, 47, '2026-06-02', 200, NULL, 1),
(640, 47, '2026-06-01', 200, NULL, 1),
(641, 47, '2026-05-31', 200, NULL, 1),
(642, 47, '2026-05-30', 200, NULL, 1),
(643, 47, '2026-05-29', 200, NULL, 1),
(644, 47, '2026-05-28', 200, NULL, 1),
(645, 47, '2026-05-27', 200, NULL, 1),
(646, 47, '2026-05-26', 200, NULL, 1),
(647, 47, '2026-05-25', 200, NULL, 1),
(648, 48, '2026-06-08', 200, NULL, 1),
(649, 48, '2026-06-07', 200, NULL, 1),
(650, 48, '2026-06-06', 200, NULL, 1),
(651, 48, '2026-06-05', 200, NULL, 1),
(652, 48, '2026-06-04', 200, NULL, 1),
(653, 48, '2026-06-03', 200, NULL, 1),
(654, 48, '2026-06-02', 200, NULL, 1),
(655, 48, '2026-06-01', 200, NULL, 1),
(656, 48, '2026-05-31', 200, NULL, 1),
(657, 48, '2026-05-30', 200, NULL, 1),
(658, 48, '2026-05-29', 200, NULL, 1),
(659, 48, '2026-05-28', 200, NULL, 1),
(660, 48, '2026-05-27', 200, NULL, 1),
(661, 48, '2026-05-26', 200, NULL, 1),
(662, 48, '2026-05-25', 200, NULL, 1),
(663, 49, '2026-06-08', 200, NULL, 1),
(664, 49, '2026-06-07', 200, NULL, 1),
(665, 49, '2026-06-06', 200, NULL, 1),
(666, 49, '2026-06-05', 200, NULL, 1),
(667, 49, '2026-06-04', 200, NULL, 1),
(668, 49, '2026-06-03', 200, NULL, 1),
(669, 49, '2026-06-02', 200, NULL, 1),
(670, 49, '2026-06-01', 200, NULL, 1),
(671, 49, '2026-05-31', 200, NULL, 1),
(672, 49, '2026-05-30', 200, NULL, 1),
(673, 49, '2026-05-29', 200, NULL, 1),
(674, 49, '2026-05-28', 200, NULL, 1),
(675, 49, '2026-05-27', 200, NULL, 1),
(676, 49, '2026-05-26', 200, NULL, 1),
(677, 49, '2026-05-25', 200, NULL, 1),
(678, 50, '2026-06-08', 200, NULL, 1),
(679, 50, '2026-06-07', 200, NULL, 1),
(680, 50, '2026-06-06', 200, NULL, 1),
(681, 50, '2026-06-05', 200, NULL, 1),
(682, 50, '2026-06-04', 200, NULL, 1),
(683, 50, '2026-06-03', 200, NULL, 1),
(684, 50, '2026-06-02', 200, NULL, 1),
(685, 50, '2026-06-01', 200, NULL, 1),
(686, 50, '2026-05-31', 200, NULL, 1),
(687, 50, '2026-05-30', 200, NULL, 1),
(688, 50, '2026-05-29', 200, NULL, 1),
(689, 50, '2026-05-28', 200, NULL, 1),
(690, 50, '2026-05-27', 200, NULL, 1),
(691, 50, '2026-05-26', 200, NULL, 1),
(692, 50, '2026-05-25', 200, NULL, 1),
(693, 51, '2026-06-08', 200, NULL, 1),
(694, 51, '2026-06-07', 200, NULL, 1),
(695, 51, '2026-06-06', 200, NULL, 1),
(696, 51, '2026-06-05', 200, NULL, 1),
(697, 51, '2026-06-04', 200, NULL, 1),
(698, 51, '2026-06-03', 200, NULL, 1),
(699, 51, '2026-06-02', 200, NULL, 1),
(700, 51, '2026-06-01', 200, NULL, 1),
(701, 51, '2026-05-31', 200, NULL, 1),
(702, 51, '2026-05-30', 200, NULL, 1),
(703, 51, '2026-05-29', 200, NULL, 1),
(704, 51, '2026-05-28', 200, NULL, 1),
(705, 51, '2026-05-27', 200, NULL, 1),
(706, 51, '2026-05-26', 200, NULL, 1),
(707, 51, '2026-05-25', 200, NULL, 1),
(708, 3, '2026-06-08', 200, NULL, 1),
(709, 3, '2026-06-07', 200, NULL, 1),
(710, 3, '2026-06-06', 200, NULL, 1),
(711, 3, '2026-06-05', 200, NULL, 1),
(712, 3, '2026-06-04', 200, NULL, 1),
(713, 3, '2026-06-03', 200, NULL, 1),
(714, 3, '2026-06-02', 200, NULL, 1),
(715, 3, '2026-06-01', 200, NULL, 1),
(716, 3, '2026-05-31', 200, NULL, 1),
(717, 3, '2026-05-30', 200, NULL, 1),
(718, 7, '2026-06-08', 200, NULL, 1),
(719, 7, '2026-06-07', 200, NULL, 1),
(720, 7, '2026-06-06', 200, NULL, 1),
(721, 7, '2026-06-05', 200, NULL, 1),
(722, 7, '2026-06-04', 200, NULL, 1),
(723, 7, '2026-06-03', 200, NULL, 1),
(724, 7, '2026-06-02', 200, NULL, 1),
(725, 7, '2026-06-01', 200, NULL, 1),
(726, 7, '2026-05-31', 200, NULL, 1),
(727, 7, '2026-05-30', 200, NULL, 1),
(728, 28, '2026-06-08', 200, NULL, 1),
(729, 28, '2026-06-07', 200, NULL, 1),
(730, 28, '2026-06-06', 200, NULL, 1),
(731, 28, '2026-06-05', 200, NULL, 1),
(732, 28, '2026-06-04', 200, NULL, 1),
(733, 28, '2026-06-03', 200, NULL, 1),
(734, 28, '2026-06-02', 200, NULL, 1),
(735, 28, '2026-06-01', 200, NULL, 1),
(736, 28, '2026-05-31', 200, NULL, 1),
(737, 28, '2026-05-30', 200, NULL, 1),
(738, 28, '2026-05-29', 200, NULL, 1),
(739, 28, '2026-05-28', 200, NULL, 1),
(740, 28, '2026-05-27', 200, NULL, 1),
(741, 28, '2026-05-26', 200, NULL, 1),
(742, 28, '2026-05-25', 200, NULL, 1),
(743, 29, '2026-06-08', 200, NULL, 1),
(744, 29, '2026-06-07', 200, NULL, 1),
(745, 29, '2026-06-06', 200, NULL, 1),
(746, 29, '2026-06-05', 200, NULL, 1),
(747, 29, '2026-06-04', 200, NULL, 1),
(748, 29, '2026-06-03', 200, NULL, 1),
(749, 29, '2026-06-02', 200, NULL, 1),
(750, 29, '2026-06-01', 200, NULL, 1),
(751, 29, '2026-05-31', 200, NULL, 1),
(752, 29, '2026-05-30', 200, NULL, 1),
(753, 29, '2026-05-29', 200, NULL, 1),
(754, 29, '2026-05-28', 200, NULL, 1),
(755, 29, '2026-05-27', 200, NULL, 1),
(756, 29, '2026-05-26', 200, NULL, 1),
(757, 29, '2026-05-25', 200, NULL, 1),
(758, 30, '2026-06-08', 200, NULL, 1),
(759, 30, '2026-06-07', 200, NULL, 1),
(760, 30, '2026-06-06', 200, NULL, 1),
(761, 30, '2026-06-05', 200, NULL, 1),
(762, 30, '2026-06-04', 200, NULL, 1),
(763, 30, '2026-06-03', 200, NULL, 1),
(764, 30, '2026-06-02', 200, NULL, 1),
(765, 30, '2026-06-01', 200, NULL, 1),
(766, 30, '2026-05-31', 200, NULL, 1),
(767, 30, '2026-05-30', 200, NULL, 1),
(768, 30, '2026-05-29', 200, NULL, 1),
(769, 30, '2026-05-28', 200, NULL, 1),
(770, 30, '2026-05-27', 200, NULL, 1),
(771, 30, '2026-05-26', 200, NULL, 1),
(772, 30, '2026-05-25', 200, NULL, 1),
(773, 31, '2026-06-08', 200, NULL, 1),
(774, 31, '2026-06-07', 200, NULL, 1),
(775, 31, '2026-06-06', 200, NULL, 1),
(776, 31, '2026-06-05', 200, NULL, 1),
(777, 31, '2026-06-04', 200, NULL, 1),
(778, 31, '2026-06-03', 200, NULL, 1),
(779, 31, '2026-06-02', 200, NULL, 1),
(780, 31, '2026-06-01', 200, NULL, 1),
(781, 31, '2026-05-31', 200, NULL, 1),
(782, 31, '2026-05-30', 200, NULL, 1),
(783, 31, '2026-05-29', 200, NULL, 1),
(784, 31, '2026-05-28', 200, NULL, 1),
(785, 31, '2026-05-27', 200, NULL, 1),
(786, 31, '2026-05-26', 200, NULL, 1),
(787, 31, '2026-05-25', 200, NULL, 1),
(788, 32, '2026-06-08', 200, NULL, 1),
(789, 32, '2026-06-07', 200, NULL, 1),
(790, 32, '2026-06-06', 200, NULL, 1),
(791, 32, '2026-06-05', 200, NULL, 1),
(792, 32, '2026-06-04', 200, NULL, 1),
(793, 32, '2026-06-03', 200, NULL, 1),
(794, 32, '2026-06-02', 200, NULL, 1),
(795, 32, '2026-06-01', 200, NULL, 1),
(796, 32, '2026-05-31', 200, NULL, 1),
(797, 32, '2026-05-30', 200, NULL, 1),
(798, 32, '2026-05-29', 200, NULL, 1),
(799, 32, '2026-05-28', 200, NULL, 1),
(800, 32, '2026-05-27', 200, NULL, 1),
(801, 32, '2026-05-26', 200, NULL, 1),
(802, 32, '2026-05-25', 200, NULL, 1),
(803, 33, '2026-06-08', 200, NULL, 1),
(804, 33, '2026-06-07', 200, NULL, 1),
(805, 33, '2026-06-06', 200, NULL, 1),
(806, 33, '2026-06-05', 200, NULL, 1),
(807, 33, '2026-06-04', 200, NULL, 1),
(808, 33, '2026-06-03', 200, NULL, 1),
(809, 33, '2026-06-02', 200, NULL, 1),
(810, 33, '2026-06-01', 200, NULL, 1),
(811, 33, '2026-05-31', 200, NULL, 1),
(812, 33, '2026-05-30', 200, NULL, 1),
(813, 33, '2026-05-29', 200, NULL, 1),
(814, 33, '2026-05-28', 200, NULL, 1),
(815, 33, '2026-05-27', 200, NULL, 1),
(816, 33, '2026-05-26', 200, NULL, 1),
(817, 33, '2026-05-25', 200, NULL, 1),
(818, 34, '2026-06-08', 200, NULL, 1),
(819, 34, '2026-06-07', 200, NULL, 1),
(820, 34, '2026-06-06', 200, NULL, 1),
(821, 34, '2026-06-05', 200, NULL, 1),
(822, 34, '2026-06-04', 200, NULL, 1),
(823, 34, '2026-06-03', 200, NULL, 1),
(824, 34, '2026-06-02', 200, NULL, 1),
(825, 34, '2026-06-01', 200, NULL, 1),
(826, 34, '2026-05-31', 200, NULL, 1),
(827, 34, '2026-05-30', 200, NULL, 1),
(828, 34, '2026-05-29', 200, NULL, 1),
(829, 34, '2026-05-28', 200, NULL, 1),
(830, 34, '2026-05-27', 200, NULL, 1),
(831, 34, '2026-05-26', 200, NULL, 1),
(832, 34, '2026-05-25', 200, NULL, 1),
(833, 35, '2026-06-08', 200, NULL, 1),
(834, 35, '2026-06-07', 200, NULL, 1),
(835, 35, '2026-06-06', 200, NULL, 1),
(836, 35, '2026-06-05', 200, NULL, 1),
(837, 35, '2026-06-04', 200, NULL, 1),
(838, 35, '2026-06-03', 200, NULL, 1),
(839, 35, '2026-06-02', 200, NULL, 1),
(840, 35, '2026-06-01', 200, NULL, 1),
(841, 35, '2026-05-31', 200, NULL, 1),
(842, 35, '2026-05-30', 200, NULL, 1),
(843, 35, '2026-05-29', 200, NULL, 1),
(844, 35, '2026-05-28', 200, NULL, 1),
(845, 35, '2026-05-27', 200, NULL, 1),
(846, 35, '2026-05-26', 200, NULL, 1),
(847, 35, '2026-05-25', 200, NULL, 1),
(848, 36, '2026-06-08', 200, NULL, 1),
(849, 36, '2026-06-07', 200, NULL, 1),
(850, 36, '2026-06-06', 200, NULL, 1),
(851, 36, '2026-06-05', 200, NULL, 1),
(852, 36, '2026-06-04', 200, NULL, 1),
(853, 36, '2026-06-03', 200, NULL, 1),
(854, 36, '2026-06-02', 200, NULL, 1),
(855, 36, '2026-06-01', 200, NULL, 1),
(856, 36, '2026-05-31', 200, NULL, 1),
(857, 36, '2026-05-30', 200, NULL, 1),
(858, 36, '2026-05-29', 200, NULL, 1),
(859, 36, '2026-05-28', 200, NULL, 1),
(860, 36, '2026-05-27', 200, NULL, 1),
(861, 36, '2026-05-26', 200, NULL, 1),
(862, 36, '2026-05-25', 200, NULL, 1),
(863, 37, '2026-06-08', 200, NULL, 1),
(864, 37, '2026-06-07', 200, NULL, 1),
(865, 37, '2026-06-06', 200, NULL, 1),
(866, 37, '2026-06-05', 200, NULL, 1),
(867, 37, '2026-06-04', 200, NULL, 1),
(868, 37, '2026-06-03', 200, NULL, 1),
(869, 37, '2026-06-02', 200, NULL, 1),
(870, 37, '2026-06-01', 200, NULL, 1),
(871, 37, '2026-05-31', 200, NULL, 1),
(872, 37, '2026-05-30', 200, NULL, 1),
(873, 37, '2026-05-29', 200, NULL, 1),
(874, 37, '2026-05-28', 200, NULL, 1),
(875, 37, '2026-05-27', 200, NULL, 1),
(876, 37, '2026-05-26', 200, NULL, 1),
(877, 37, '2026-05-25', 200, NULL, 1),
(878, 38, '2026-06-08', 200, NULL, 1),
(879, 38, '2026-06-07', 200, NULL, 1),
(880, 38, '2026-06-06', 200, NULL, 1),
(881, 38, '2026-06-05', 200, NULL, 1),
(882, 38, '2026-06-04', 200, NULL, 1),
(883, 38, '2026-06-03', 200, NULL, 1),
(884, 38, '2026-06-02', 200, NULL, 1),
(885, 38, '2026-06-01', 200, NULL, 1),
(886, 38, '2026-05-31', 200, NULL, 1),
(887, 38, '2026-05-30', 200, NULL, 1),
(888, 38, '2026-05-29', 200, NULL, 1),
(889, 38, '2026-05-28', 200, NULL, 1),
(890, 38, '2026-05-27', 200, NULL, 1),
(891, 38, '2026-05-26', 200, NULL, 1),
(892, 38, '2026-05-25', 200, NULL, 1),
(893, 39, '2026-06-08', 200, NULL, 1),
(894, 39, '2026-06-07', 200, NULL, 1),
(895, 39, '2026-06-06', 200, NULL, 1),
(896, 39, '2026-06-05', 200, NULL, 1),
(897, 39, '2026-06-04', 200, NULL, 1),
(898, 39, '2026-06-03', 200, NULL, 1),
(899, 39, '2026-06-02', 200, NULL, 1),
(900, 39, '2026-06-01', 200, NULL, 1),
(901, 39, '2026-05-31', 200, NULL, 1),
(902, 39, '2026-05-30', 200, NULL, 1),
(903, 39, '2026-05-29', 200, NULL, 1),
(904, 39, '2026-05-28', 200, NULL, 1),
(905, 39, '2026-05-27', 200, NULL, 1),
(906, 39, '2026-05-26', 200, NULL, 1),
(907, 39, '2026-05-25', 200, NULL, 1),
(908, 40, '2026-06-08', 200, NULL, 1),
(909, 40, '2026-06-07', 200, NULL, 1),
(910, 40, '2026-06-06', 200, NULL, 1),
(911, 40, '2026-06-05', 200, NULL, 1),
(912, 40, '2026-06-04', 200, NULL, 1),
(913, 40, '2026-06-03', 200, NULL, 1),
(914, 40, '2026-06-02', 200, NULL, 1),
(915, 40, '2026-06-01', 200, NULL, 1),
(916, 40, '2026-05-31', 200, NULL, 1),
(917, 40, '2026-05-30', 200, NULL, 1),
(918, 40, '2026-05-29', 200, NULL, 1),
(919, 40, '2026-05-28', 200, NULL, 1),
(920, 40, '2026-05-27', 200, NULL, 1),
(921, 40, '2026-05-26', 200, NULL, 1),
(922, 40, '2026-05-25', 200, NULL, 1),
(923, 41, '2026-06-08', 200, NULL, 1),
(924, 41, '2026-06-07', 200, NULL, 1),
(925, 41, '2026-06-06', 200, NULL, 1),
(926, 41, '2026-06-05', 200, NULL, 1),
(927, 41, '2026-06-04', 200, NULL, 1),
(928, 41, '2026-06-03', 200, NULL, 1),
(929, 41, '2026-06-02', 200, NULL, 1),
(930, 41, '2026-06-01', 200, NULL, 1),
(931, 41, '2026-05-31', 200, NULL, 1),
(932, 41, '2026-05-30', 200, NULL, 1),
(933, 41, '2026-05-29', 200, NULL, 1),
(934, 41, '2026-05-28', 200, NULL, 1),
(935, 41, '2026-05-27', 200, NULL, 1),
(936, 41, '2026-05-26', 200, NULL, 1),
(937, 41, '2026-05-25', 200, NULL, 1),
(938, 42, '2026-06-08', 200, NULL, 1),
(939, 42, '2026-06-07', 200, NULL, 1),
(940, 42, '2026-06-06', 200, NULL, 1),
(941, 42, '2026-06-05', 200, NULL, 1),
(942, 42, '2026-06-04', 200, NULL, 1),
(943, 42, '2026-06-03', 200, NULL, 1),
(944, 42, '2026-06-02', 200, NULL, 1),
(945, 42, '2026-06-01', 200, NULL, 1),
(946, 42, '2026-05-31', 200, NULL, 1),
(947, 42, '2026-05-30', 200, NULL, 1),
(948, 42, '2026-05-29', 200, NULL, 1),
(949, 42, '2026-05-28', 200, NULL, 1),
(950, 42, '2026-05-27', 200, NULL, 1),
(951, 42, '2026-05-26', 200, NULL, 1),
(952, 42, '2026-05-25', 200, NULL, 1),
(953, 43, '2026-06-08', 200, NULL, 1),
(954, 43, '2026-06-07', 200, NULL, 1),
(955, 43, '2026-06-06', 200, NULL, 1),
(956, 43, '2026-06-05', 200, NULL, 1),
(957, 43, '2026-06-04', 200, NULL, 1),
(958, 43, '2026-06-03', 200, NULL, 1),
(959, 43, '2026-06-02', 200, NULL, 1),
(960, 43, '2026-06-01', 200, NULL, 1),
(961, 43, '2026-05-31', 200, NULL, 1),
(962, 43, '2026-05-30', 200, NULL, 1),
(963, 43, '2026-05-29', 200, NULL, 1),
(964, 43, '2026-05-28', 200, NULL, 1),
(965, 43, '2026-05-27', 200, NULL, 1),
(966, 43, '2026-05-26', 200, NULL, 1),
(967, 43, '2026-05-25', 200, NULL, 1),
(968, 44, '2026-06-08', 200, NULL, 1),
(969, 44, '2026-06-07', 200, NULL, 1),
(970, 44, '2026-06-06', 200, NULL, 1),
(971, 44, '2026-06-05', 200, NULL, 1),
(972, 44, '2026-06-04', 200, NULL, 1),
(973, 44, '2026-06-03', 200, NULL, 1),
(974, 44, '2026-06-02', 200, NULL, 1),
(975, 44, '2026-06-01', 200, NULL, 1),
(976, 44, '2026-05-31', 200, NULL, 1),
(977, 44, '2026-05-30', 200, NULL, 1),
(978, 44, '2026-05-29', 200, NULL, 1),
(979, 44, '2026-05-28', 200, NULL, 1),
(980, 44, '2026-05-27', 200, NULL, 1),
(981, 44, '2026-05-26', 200, NULL, 1),
(982, 44, '2026-05-25', 200, NULL, 1),
(983, 45, '2026-06-08', 200, NULL, 1),
(984, 45, '2026-06-07', 200, NULL, 1),
(985, 45, '2026-06-06', 200, NULL, 1),
(986, 45, '2026-06-05', 200, NULL, 1),
(987, 45, '2026-06-04', 200, NULL, 1),
(988, 45, '2026-06-03', 200, NULL, 1),
(989, 45, '2026-06-02', 200, NULL, 1),
(990, 45, '2026-06-01', 200, NULL, 1),
(991, 45, '2026-05-31', 200, NULL, 1),
(992, 45, '2026-05-30', 200, NULL, 1),
(993, 45, '2026-05-29', 200, NULL, 1),
(994, 45, '2026-05-28', 200, NULL, 1),
(995, 45, '2026-05-27', 200, NULL, 1),
(996, 45, '2026-05-26', 200, NULL, 1),
(997, 45, '2026-05-25', 200, NULL, 1),
(998, 4, '2026-06-08', 200, NULL, 1),
(999, 4, '2026-06-07', 200, NULL, 1),
(1000, 4, '2026-06-06', 200, NULL, 1),
(1001, 4, '2026-06-05', 200, NULL, 1),
(1002, 4, '2026-06-04', 200, NULL, 1),
(1003, 4, '2026-06-03', 200, NULL, 1),
(1004, 4, '2026-06-02', 200, NULL, 1),
(1005, 4, '2026-06-01', 200, NULL, 1),
(1006, 4, '2026-05-31', 200, NULL, 1),
(1007, 4, '2026-05-30', 200, NULL, 1),
(1008, 8, '2026-06-08', 200, NULL, 1),
(1009, 8, '2026-06-07', 200, NULL, 1),
(1010, 8, '2026-06-06', 200, NULL, 1),
(1011, 8, '2026-06-05', 200, NULL, 1),
(1012, 8, '2026-06-04', 200, NULL, 1),
(1013, 8, '2026-06-03', 200, NULL, 1),
(1014, 8, '2026-06-02', 200, NULL, 1),
(1015, 8, '2026-06-01', 200, NULL, 1),
(1016, 8, '2026-05-31', 200, NULL, 1),
(1017, 8, '2026-05-30', 200, NULL, 1),
(1018, 11, '2026-06-08', 200, NULL, 1),
(1019, 11, '2026-06-07', 200, NULL, 1),
(1020, 11, '2026-06-06', 200, NULL, 1),
(1021, 11, '2026-06-05', 200, NULL, 1),
(1022, 11, '2026-06-04', 200, NULL, 1),
(1023, 11, '2026-06-03', 200, NULL, 1),
(1024, 11, '2026-06-02', 200, NULL, 1),
(1025, 11, '2026-06-01', 200, NULL, 1),
(1026, 11, '2026-05-31', 200, NULL, 1),
(1027, 11, '2026-05-30', 200, NULL, 1),
(1028, 19, '2026-06-08', 200, NULL, 1),
(1029, 19, '2026-06-07', 200, NULL, 1),
(1030, 19, '2026-06-06', 200, NULL, 1),
(1031, 19, '2026-06-05', 200, NULL, 1),
(1032, 19, '2026-06-04', 200, NULL, 1),
(1033, 19, '2026-06-03', 200, NULL, 1),
(1034, 19, '2026-06-02', 200, NULL, 1),
(1035, 19, '2026-06-01', 200, NULL, 1),
(1036, 19, '2026-05-31', 200, NULL, 1),
(1037, 19, '2026-05-30', 200, NULL, 1),
(1038, 20, '2026-06-08', 200, NULL, 1),
(1039, 20, '2026-06-07', 200, NULL, 1),
(1040, 20, '2026-06-06', 200, NULL, 1),
(1041, 20, '2026-06-05', 200, NULL, 1),
(1042, 20, '2026-06-04', 200, NULL, 1),
(1043, 20, '2026-06-03', 200, NULL, 1),
(1044, 20, '2026-06-02', 200, NULL, 1),
(1045, 20, '2026-06-01', 200, NULL, 1),
(1046, 20, '2026-05-31', 200, NULL, 1),
(1047, 20, '2026-05-30', 200, NULL, 1),
(1048, 25, '2026-06-08', 200, NULL, 1),
(1049, 25, '2026-06-07', 200, NULL, 1),
(1050, 25, '2026-06-06', 200, NULL, 1),
(1051, 25, '2026-06-05', 200, NULL, 1),
(1052, 25, '2026-06-04', 200, NULL, 1),
(1053, 25, '2026-06-03', 200, NULL, 1),
(1054, 25, '2026-06-02', 200, NULL, 1),
(1055, 25, '2026-06-01', 200, NULL, 1),
(1056, 25, '2026-05-31', 200, NULL, 1),
(1057, 25, '2026-05-30', 200, NULL, 1),
(1058, 25, '2026-05-29', 200, NULL, 1),
(1059, 25, '2026-05-28', 200, NULL, 1),
(1060, 25, '2026-05-27', 200, NULL, 1),
(1061, 25, '2026-05-26', 200, NULL, 1),
(1062, 25, '2026-05-25', 200, NULL, 1),
(1063, 9, '2026-06-08', 200, NULL, 1),
(1064, 9, '2026-06-07', 200, NULL, 1),
(1065, 9, '2026-06-06', 200, NULL, 1),
(1066, 9, '2026-06-05', 200, NULL, 1),
(1067, 9, '2026-06-04', 200, NULL, 1),
(1068, 9, '2026-06-03', 200, NULL, 1),
(1069, 9, '2026-06-02', 200, NULL, 1),
(1070, 9, '2026-06-01', 200, NULL, 1),
(1071, 9, '2026-05-31', 200, NULL, 1),
(1072, 9, '2026-05-30', 200, NULL, 1),
(1073, 12, '2026-06-08', 200, NULL, 1),
(1074, 12, '2026-06-07', 200, NULL, 1),
(1075, 12, '2026-06-06', 200, NULL, 1),
(1076, 12, '2026-06-05', 200, NULL, 1),
(1077, 12, '2026-06-04', 200, NULL, 1),
(1078, 12, '2026-06-03', 200, NULL, 1),
(1079, 12, '2026-06-02', 200, NULL, 1),
(1080, 12, '2026-06-01', 200, NULL, 1),
(1081, 12, '2026-05-31', 200, NULL, 1),
(1082, 12, '2026-05-30', 200, NULL, 1),
(1083, 24, '2026-06-08', 200, NULL, 1),
(1084, 24, '2026-06-07', 200, NULL, 1),
(1085, 24, '2026-06-06', 200, NULL, 1),
(1086, 24, '2026-06-05', 200, NULL, 1),
(1087, 24, '2026-06-04', 200, NULL, 1),
(1088, 24, '2026-06-03', 200, NULL, 1),
(1089, 24, '2026-06-02', 200, NULL, 1),
(1090, 24, '2026-06-01', 200, NULL, 1),
(1091, 24, '2026-05-31', 200, NULL, 1),
(1092, 24, '2026-05-30', 200, NULL, 1),
(1093, 10, '2026-06-08', 200, NULL, 1),
(1094, 10, '2026-06-07', 200, NULL, 1),
(1095, 10, '2026-06-06', 200, NULL, 1),
(1096, 10, '2026-06-05', 200, NULL, 1),
(1097, 10, '2026-06-04', 200, NULL, 1),
(1098, 10, '2026-06-03', 200, NULL, 1),
(1099, 10, '2026-06-02', 200, NULL, 1),
(1100, 10, '2026-06-01', 200, NULL, 1),
(1101, 10, '2026-05-31', 200, NULL, 1),
(1102, 10, '2026-05-30', 200, NULL, 1),
(1103, 13, '2026-06-08', 200, NULL, 1),
(1104, 13, '2026-06-07', 200, NULL, 1),
(1105, 13, '2026-06-06', 200, NULL, 1),
(1106, 13, '2026-06-05', 200, NULL, 1),
(1107, 13, '2026-06-04', 200, NULL, 1),
(1108, 13, '2026-06-03', 200, NULL, 1),
(1109, 13, '2026-06-02', 200, NULL, 1),
(1110, 13, '2026-06-01', 200, NULL, 1),
(1111, 13, '2026-05-31', 200, NULL, 1),
(1112, 13, '2026-05-30', 200, NULL, 1),
(1113, 15, '2026-06-08', 200, NULL, 1),
(1114, 15, '2026-06-07', 200, NULL, 1),
(1115, 15, '2026-06-06', 200, NULL, 1),
(1116, 15, '2026-06-05', 200, NULL, 1),
(1117, 15, '2026-06-04', 200, NULL, 1),
(1118, 15, '2026-06-03', 200, NULL, 1),
(1119, 15, '2026-06-02', 200, NULL, 1),
(1120, 15, '2026-06-01', 200, NULL, 1),
(1121, 15, '2026-05-31', 200, NULL, 1),
(1122, 15, '2026-05-30', 200, NULL, 1),
(1133, 23, '2026-06-08', 200, NULL, 1),
(1134, 23, '2026-06-07', 200, NULL, 1),
(1135, 23, '2026-06-06', 200, NULL, 1),
(1136, 23, '2026-06-05', 200, NULL, 1),
(1137, 23, '2026-06-04', 200, NULL, 1),
(1138, 23, '2026-06-03', 200, NULL, 1),
(1139, 23, '2026-06-02', 200, NULL, 1),
(1140, 23, '2026-06-01', 200, NULL, 1),
(1141, 23, '2026-05-31', 200, NULL, 1),
(1142, 23, '2026-05-30', 200, NULL, 1),
(1143, 14, '2026-06-08', 200, NULL, 1),
(1144, 14, '2026-06-07', 200, NULL, 1),
(1145, 14, '2026-06-06', 200, NULL, 1),
(1146, 14, '2026-06-05', 200, NULL, 1),
(1147, 14, '2026-06-04', 200, NULL, 1),
(1148, 14, '2026-06-03', 200, NULL, 1),
(1149, 14, '2026-06-02', 200, NULL, 1),
(1150, 14, '2026-06-01', 200, NULL, 1),
(1151, 14, '2026-05-31', 200, NULL, 1),
(1152, 14, '2026-05-30', 200, NULL, 1),
(1153, 16, '2026-06-08', 200, NULL, 1),
(1154, 16, '2026-06-07', 200, NULL, 1),
(1155, 16, '2026-06-06', 200, NULL, 1),
(1156, 16, '2026-06-05', 200, NULL, 1),
(1157, 16, '2026-06-04', 200, NULL, 1),
(1158, 16, '2026-06-03', 200, NULL, 1),
(1159, 16, '2026-06-02', 200, NULL, 1),
(1160, 16, '2026-06-01', 200, NULL, 1),
(1161, 16, '2026-05-31', 200, NULL, 1),
(1162, 16, '2026-05-30', 200, NULL, 1),
(1163, 18, '2026-06-08', 200, NULL, 1),
(1164, 18, '2026-06-07', 200, NULL, 1),
(1165, 18, '2026-06-06', 200, NULL, 1),
(1166, 18, '2026-06-05', 200, NULL, 1),
(1167, 18, '2026-06-04', 200, NULL, 1),
(1168, 18, '2026-06-03', 200, NULL, 1),
(1169, 18, '2026-06-02', 200, NULL, 1),
(1170, 18, '2026-06-01', 200, NULL, 1),
(1171, 18, '2026-05-31', 200, NULL, 1),
(1172, 18, '2026-05-30', 200, NULL, 1);

-- --------------------------------------------------------

--
-- Структура таблицы `stations`
--

CREATE TABLE `stations` (
  `id` int NOT NULL,
  `name` varchar(100) COLLATE utf8mb4_unicode_ci NOT NULL,
  `city` varchar(100) COLLATE utf8mb4_unicode_ci NOT NULL,
  `region` varchar(100) COLLATE utf8mb4_unicode_ci DEFAULT NULL,
  `code` varchar(10) COLLATE utf8mb4_unicode_ci NOT NULL
) ENGINE=InnoDB DEFAULT CHARSET=utf8mb4 COLLATE=utf8mb4_unicode_ci;

--
-- Дамп данных таблицы `stations`
--

INSERT INTO `stations` (`id`, `name`, `city`, `region`, `code`) VALUES
(1, 'Уфа-Пассажирская', 'Уфа', 'Башкортостан', 'UFA'),
(2, 'Уфа-Дёмский', 'Уфа', 'Башкортостан', 'UFD'),
(3, 'Уфа-Черниковка', 'Уфа', 'Башкортостан', 'UFC'),
(4, 'Стерлитамак', 'Стерлитамак', 'Башкортостан', 'STER'),
(5, 'Салават', 'Салават', 'Башкортостан', 'SAL'),
(6, 'Ишимбай', 'Ишимбай', 'Башкортостан', 'ISH'),
(7, 'Кумертау', 'Кумертау', 'Башкортостан', 'KUM'),
(8, 'Мелеуз', 'Мелеуз', 'Башкортостан', 'MELEUZ'),
(9, 'Белорецк', 'Белорецк', 'Башкортостан', 'BEL'),
(10, 'Сибай', 'Сибай', 'Башкортостан', 'SIBAY'),
(11, 'Баймак', 'Баймак', 'Башкортостан', 'BAY'),
(12, 'Октябрьский', 'Октябрьский', 'Башкортостан', 'OKT'),
(13, 'Туймазы', 'Туймазы', 'Башкортостан', 'TUY'),
(14, 'Нефтекамск', 'Нефтекамск', 'Башкортостан', 'NEF'),
(15, 'Янаул', 'Янаул', 'Башкортостан', 'YAN'),
(16, 'Бирск', 'Бирск', 'Башкортостан', 'BIR'),
(17, 'Дюртюли', 'Дюртюли', 'Башкортостан', 'DUR'),
(18, 'Оренбург-Главный', 'Оренбург', 'Оренбургская область', 'ORE'),
(19, 'Орск', 'Орск', 'Оренбургская область', 'ORSK'),
(20, 'Новотроицк', 'Новотроицк', 'Оренбургская область', 'NOV'),
(21, 'Бузулук', 'Бузулук', 'Оренбургская область', 'BUZ'),
(22, 'Бугуруслан', 'Бугуруслан', 'Оренбургская область', 'BUG'),
(23, 'Сорочинск', 'Сорочинск', 'Оренбургская область', 'SOR'),
(24, 'Гай', 'Гай', 'Оренбургская область', 'GAI'),
(25, 'Медногорск', 'Медногорск', 'Оренбургская область', 'MED'),
(26, 'Кувандык', 'Кувандык', 'Оренбургская область', 'KUV'),
(27, 'Раевка', 'Раевка', 'Башкортостан', 'RAEV'),
(28, 'Аксёново', 'Аксёново', 'Башкортостан', 'AKS'),
(29, 'Давлеканово', 'Давлеканово', 'Башкортостан', 'DAV'),
(30, 'Чишмы', 'Чишмы', 'Башкортостан', 'CHISH'),
(31, 'Магнитогорск', 'Магнитогорск', 'Челябинская область', 'MAG');

-- --------------------------------------------------------

--
-- Структура таблицы `tickets`
--

CREATE TABLE `tickets` (
  `id` int NOT NULL,
  `booking_number` varchar(50) COLLATE utf8mb4_unicode_ci NOT NULL,
  `user_id` int DEFAULT NULL,
  `schedule_id` int NOT NULL,
  `passenger_name` varchar(100) COLLATE utf8mb4_unicode_ci NOT NULL,
  `passenger_phone` varchar(20) COLLATE utf8mb4_unicode_ci DEFAULT NULL,
  `passenger_email` varchar(100) COLLATE utf8mb4_unicode_ci DEFAULT NULL,
  `seat_number` varchar(10) COLLATE utf8mb4_unicode_ci DEFAULT NULL,
  `ticket_price` decimal(10,2) NOT NULL,
  `status` enum('booked','paid','cancelled','used') COLLATE utf8mb4_unicode_ci DEFAULT 'booked',
  `booking_date` timestamp NULL DEFAULT CURRENT_TIMESTAMP,
  `payment_date` timestamp NULL DEFAULT NULL
) ENGINE=InnoDB DEFAULT CHARSET=utf8mb4 COLLATE=utf8mb4_unicode_ci;

--
-- Дамп данных таблицы `tickets`
--

INSERT INTO `tickets` (`id`, `booking_number`, `user_id`, `schedule_id`, `passenger_name`, `passenger_phone`, `passenger_email`, `seat_number`, `ticket_price`, `status`, `booking_date`, `payment_date`) VALUES
(1, 'RZD2026051619319', NULL, 56, 'asdfghjkl', '6786543234567', NULL, NULL, '1650.00', 'booked', '2026-05-16 07:51:00', NULL),
(2, 'RZD2026052591629', NULL, 186, 'Исмагилов Вадим Маратович (билет 1)', '89191464648', NULL, NULL, '1400.00', 'booked', '2026-05-25 11:39:39', NULL),
(3, 'RZD2026052585453', NULL, 186, 'Исмагилов Вадим Маратович (билет 2)', '89191464648', NULL, NULL, '1400.00', 'booked', '2026-05-25 11:39:39', NULL);

-- --------------------------------------------------------

--
-- Структура таблицы `trains`
--

CREATE TABLE `trains` (
  `id` int NOT NULL,
  `train_number` varchar(20) COLLATE utf8mb4_unicode_ci NOT NULL,
  `train_type` enum('electric','express','diesel','fast') COLLATE utf8mb4_unicode_ci DEFAULT 'electric',
  `name` varchar(100) COLLATE utf8mb4_unicode_ci DEFAULT NULL,
  `seats_total` int DEFAULT '200'
) ENGINE=InnoDB DEFAULT CHARSET=utf8mb4 COLLATE=utf8mb4_unicode_ci;

--
-- Дамп данных таблицы `trains`
--

INSERT INTO `trains` (`id`, `train_number`, `train_type`, `name`, `seats_total`) VALUES
(1, '381У', 'fast', 'Урал - экспресс', 250),
(2, '109У', 'express', 'Башкортостан', 200),
(3, '327У', 'fast', 'Приуралье', 180),
(4, '6632', 'electric', 'Пригородный Уфа-Оренбург', 300),
(5, '6634', 'electric', 'Пригородный вечерний', 300),
(6, '371У', 'express', 'Южный Урал', 220),
(7, '101У', 'diesel', 'Межрегиональный', 150),
(8, '7021', 'electric', 'Горнозаводской', 200);

-- --------------------------------------------------------

--
-- Структура таблицы `users`
--

CREATE TABLE `users` (
  `id` int NOT NULL,
  `full_name` varchar(100) COLLATE utf8mb4_unicode_ci NOT NULL,
  `email` varchar(100) COLLATE utf8mb4_unicode_ci NOT NULL,
  `phone` varchar(20) COLLATE utf8mb4_unicode_ci NOT NULL,
  `password` varchar(255) COLLATE utf8mb4_unicode_ci NOT NULL,
  `role` enum('user','admin') COLLATE utf8mb4_unicode_ci DEFAULT 'user',
  `created_at` timestamp NULL DEFAULT CURRENT_TIMESTAMP
) ENGINE=InnoDB DEFAULT CHARSET=utf8mb4 COLLATE=utf8mb4_unicode_ci;

-- --------------------------------------------------------

--
-- Дублирующая структура для представления `v_available_routes`
-- (См. Ниже фактическое представление)
--
CREATE TABLE `v_available_routes` (
`schedule_id` int
,`route_id` int
,`train_number` varchar(20)
,`train_type` enum('electric','express','diesel','fast')
,`from_station_id` int
,`from_station` varchar(100)
,`from_city` varchar(100)
,`to_station_id` int
,`to_station` varchar(100)
,`to_city` varchar(100)
,`departure_time` time
,`arrival_time` time
,`travel_duration` int
,`price` decimal(10,2)
,`seats_available` int
,`travel_date` date
);

-- --------------------------------------------------------

--
-- Структура для представления `v_available_routes`
--
DROP TABLE IF EXISTS `v_available_routes`;

CREATE ALGORITHM=UNDEFINED DEFINER=`root`@`%` SQL SECURITY DEFINER VIEW `v_available_routes`  AS SELECT `s`.`id` AS `schedule_id`, `r`.`id` AS `route_id`, `t`.`train_number` AS `train_number`, `t`.`train_type` AS `train_type`, `from_st`.`id` AS `from_station_id`, `from_st`.`name` AS `from_station`, `from_st`.`city` AS `from_city`, `to_st`.`id` AS `to_station_id`, `to_st`.`name` AS `to_station`, `to_st`.`city` AS `to_city`, `r`.`departure_time` AS `departure_time`, `r`.`arrival_time` AS `arrival_time`, `r`.`travel_duration` AS `travel_duration`, coalesce(`s`.`price_override`,`r`.`price`) AS `price`, `s`.`seats_available` AS `seats_available`, `s`.`travel_date` AS `travel_date` FROM ((((`schedule` `s` join `routes` `r` on((`s`.`route_id` = `r`.`id`))) join `trains` `t` on((`r`.`train_id` = `t`.`id`))) join `stations` `from_st` on((`r`.`from_station_id` = `from_st`.`id`))) join `stations` `to_st` on((`r`.`to_station_id` = `to_st`.`id`))) WHERE ((`s`.`travel_date` >= curdate()) AND (`s`.`seats_available` > 0) AND (`s`.`is_active` = 1)) ORDER BY `s`.`travel_date` ASC, `r`.`departure_time` ASC  ;

--
-- Индексы сохранённых таблиц
--

--
-- Индексы таблицы `routes`
--
ALTER TABLE `routes`
  ADD PRIMARY KEY (`id`),
  ADD KEY `train_id` (`train_id`),
  ADD KEY `to_station_id` (`to_station_id`),
  ADD KEY `idx_route_search` (`from_station_id`,`to_station_id`),
  ADD KEY `idx_routes_stations` (`from_station_id`,`to_station_id`);

--
-- Индексы таблицы `schedule`
--
ALTER TABLE `schedule`
  ADD PRIMARY KEY (`id`),
  ADD UNIQUE KEY `unique_route_date` (`route_id`,`travel_date`),
  ADD KEY `idx_schedule_date` (`travel_date`);

--
-- Индексы таблицы `stations`
--
ALTER TABLE `stations`
  ADD PRIMARY KEY (`id`),
  ADD UNIQUE KEY `code` (`code`);

--
-- Индексы таблицы `tickets`
--
ALTER TABLE `tickets`
  ADD PRIMARY KEY (`id`),
  ADD UNIQUE KEY `booking_number` (`booking_number`),
  ADD KEY `schedule_id` (`schedule_id`),
  ADD KEY `idx_tickets_user` (`user_id`),
  ADD KEY `idx_tickets_booking` (`booking_number`);

--
-- Индексы таблицы `trains`
--
ALTER TABLE `trains`
  ADD PRIMARY KEY (`id`),
  ADD UNIQUE KEY `train_number` (`train_number`);

--
-- Индексы таблицы `users`
--
ALTER TABLE `users`
  ADD PRIMARY KEY (`id`),
  ADD UNIQUE KEY `email` (`email`);

--
-- AUTO_INCREMENT для сохранённых таблиц
--

--
-- AUTO_INCREMENT для таблицы `routes`
--
ALTER TABLE `routes`
  MODIFY `id` int NOT NULL AUTO_INCREMENT, AUTO_INCREMENT=52;

--
-- AUTO_INCREMENT для таблицы `schedule`
--
ALTER TABLE `schedule`
  MODIFY `id` int NOT NULL AUTO_INCREMENT, AUTO_INCREMENT=1551;

--
-- AUTO_INCREMENT для таблицы `stations`
--
ALTER TABLE `stations`
  MODIFY `id` int NOT NULL AUTO_INCREMENT, AUTO_INCREMENT=37;

--
-- AUTO_INCREMENT для таблицы `tickets`
--
ALTER TABLE `tickets`
  MODIFY `id` int NOT NULL AUTO_INCREMENT, AUTO_INCREMENT=4;

--
-- AUTO_INCREMENT для таблицы `trains`
--
ALTER TABLE `trains`
  MODIFY `id` int NOT NULL AUTO_INCREMENT, AUTO_INCREMENT=10;

--
-- AUTO_INCREMENT для таблицы `users`
--
ALTER TABLE `users`
  MODIFY `id` int NOT NULL AUTO_INCREMENT;

--
-- Ограничения внешнего ключа сохраненных таблиц
--

--
-- Ограничения внешнего ключа таблицы `routes`
--
ALTER TABLE `routes`
  ADD CONSTRAINT `routes_ibfk_1` FOREIGN KEY (`train_id`) REFERENCES `trains` (`id`) ON DELETE CASCADE,
  ADD CONSTRAINT `routes_ibfk_2` FOREIGN KEY (`from_station_id`) REFERENCES `stations` (`id`),
  ADD CONSTRAINT `routes_ibfk_3` FOREIGN KEY (`to_station_id`) REFERENCES `stations` (`id`);

--
-- Ограничения внешнего ключа таблицы `schedule`
--
ALTER TABLE `schedule`
  ADD CONSTRAINT `schedule_ibfk_1` FOREIGN KEY (`route_id`) REFERENCES `routes` (`id`) ON DELETE CASCADE;

--
-- Ограничения внешнего ключа таблицы `tickets`
--
ALTER TABLE `tickets`
  ADD CONSTRAINT `tickets_ibfk_1` FOREIGN KEY (`user_id`) REFERENCES `users` (`id`) ON DELETE SET NULL,
  ADD CONSTRAINT `tickets_ibfk_2` FOREIGN KEY (`schedule_id`) REFERENCES `schedule` (`id`);
COMMIT;

/*!40101 SET CHARACTER_SET_CLIENT=@OLD_CHARACTER_SET_CLIENT */;
/*!40101 SET CHARACTER_SET_RESULTS=@OLD_CHARACTER_SET_RESULTS */;
/*!40101 SET COLLATION_CONNECTION=@OLD_COLLATION_CONNECTION */;
